{"frame_idx": 104, "timestamp": 1780809333.8860874, "predictions": {"forward": 0.0304215139530416, "jump": 0.029915445189599505, "break": 0.029999491859638405}, "status": "ready"}